insert into trigrams(name, element, lines_bottom_to_top) values
  ('乾','金','111'), ('兑','金','110'), ('离','火','101'), ('震','木','100'),
  ('巽','木','011'), ('坎','水','010'), ('艮','土','001'), ('坤','土','000')
on conflict (name) do update set
  element = excluded.element,
  lines_bottom_to_top = excluded.lines_bottom_to_top;

insert into hexagrams(key, name, upper_trigram, lower_trigram, palace, palace_element, palace_stage, shi_line, ying_line) values
  ('乾-乾','乾为天','乾','乾','乾','金','本宫',6,3),
  ('乾-巽','天风姤','乾','巽','乾','金','一世',1,4),
  ('乾-艮','天山遁','乾','艮','乾','金','二世',2,5),
  ('乾-坤','天地否','乾','坤','乾','金','三世',3,6),
  ('巽-坤','风地观','巽','坤','乾','金','四世',4,1),
  ('艮-坤','山地剥','艮','坤','乾','金','五世',5,2),
  ('离-坤','火地晋','离','坤','乾','金','游魂',4,1),
  ('离-乾','火天大有','离','乾','乾','金','归魂',3,6),
  ('坎-坎','坎为水','坎','坎','坎','水','本宫',6,3),
  ('坎-兑','水泽节','坎','兑','坎','水','一世',1,4),
  ('坎-震','水雷屯','坎','震','坎','水','二世',2,5),
  ('坎-离','水火既济','坎','离','坎','水','三世',3,6),
  ('兑-离','泽火革','兑','离','坎','水','四世',4,1),
  ('震-离','雷火丰','震','离','坎','水','五世',5,2),
  ('坤-离','地火明夷','坤','离','坎','水','游魂',4,1),
  ('坤-坎','地水师','坤','坎','坎','水','归魂',3,6),
  ('艮-艮','艮为山','艮','艮','艮','土','本宫',6,3),
  ('艮-离','山火贲','艮','离','艮','土','一世',1,4),
  ('艮-乾','山天大畜','艮','乾','艮','土','二世',2,5),
  ('艮-兑','山泽损','艮','兑','艮','土','三世',3,6),
  ('离-兑','火泽睽','离','兑','艮','土','四世',4,1),
  ('乾-兑','天泽履','乾','兑','艮','土','五世',5,2),
  ('巽-兑','风泽中孚','巽','兑','艮','土','游魂',4,1),
  ('巽-艮','风山渐','巽','艮','艮','土','归魂',3,6),
  ('震-震','震为雷','震','震','震','木','本宫',6,3),
  ('震-坤','雷地豫','震','坤','震','木','一世',1,4),
  ('震-坎','雷水解','震','坎','震','木','二世',2,5),
  ('震-巽','雷风恒','震','巽','震','木','三世',3,6),
  ('坤-巽','地风升','坤','巽','震','木','四世',4,1),
  ('坎-巽','水风井','坎','巽','震','木','五世',5,2),
  ('兑-巽','泽风大过','兑','巽','震','木','游魂',4,1),
  ('兑-震','泽雷随','兑','震','震','木','归魂',3,6),
  ('巽-巽','巽为风','巽','巽','巽','木','本宫',6,3),
  ('巽-乾','风天小畜','巽','乾','巽','木','一世',1,4),
  ('巽-离','风火家人','巽','离','巽','木','二世',2,5),
  ('巽-震','风雷益','巽','震','巽','木','三世',3,6),
  ('乾-震','天雷无妄','乾','震','巽','木','四世',4,1),
  ('离-震','火雷噬嗑','离','震','巽','木','五世',5,2),
  ('艮-震','山雷颐','艮','震','巽','木','游魂',4,1),
  ('艮-巽','山风蛊','艮','巽','巽','木','归魂',3,6),
  ('离-离','离为火','离','离','离','火','本宫',6,3),
  ('离-艮','火山旅','离','艮','离','火','一世',1,4),
  ('离-巽','火风鼎','离','巽','离','火','二世',2,5),
  ('离-坎','火水未济','离','坎','离','火','三世',3,6),
  ('艮-坎','山水蒙','艮','坎','离','火','四世',4,1),
  ('巽-坎','风水涣','巽','坎','离','火','五世',5,2),
  ('乾-坎','天水讼','乾','坎','离','火','游魂',4,1),
  ('乾-离','天火同人','乾','离','离','火','归魂',3,6),
  ('坤-坤','坤为地','坤','坤','坤','土','本宫',6,3),
  ('坤-震','地雷复','坤','震','坤','土','一世',1,4),
  ('坤-兑','地泽临','坤','兑','坤','土','二世',2,5),
  ('坤-乾','地天泰','坤','乾','坤','土','三世',3,6),
  ('震-乾','雷天大壮','震','乾','坤','土','四世',4,1),
  ('兑-乾','泽天夬','兑','乾','坤','土','五世',5,2),
  ('坎-乾','水天需','坎','乾','坤','土','游魂',4,1),
  ('坎-坤','水地比','坎','坤','坤','土','归魂',3,6),
  ('兑-兑','兑为泽','兑','兑','兑','金','本宫',6,3),
  ('兑-坎','泽水困','兑','坎','兑','金','一世',1,4),
  ('兑-坤','泽地萃','兑','坤','兑','金','二世',2,5),
  ('兑-艮','泽山咸','兑','艮','兑','金','三世',3,6),
  ('坎-艮','水山蹇','坎','艮','兑','金','四世',4,1),
  ('坤-艮','地山谦','坤','艮','兑','金','五世',5,2),
  ('震-艮','雷山小过','震','艮','兑','金','游魂',4,1),
  ('震-兑','雷泽归妹','震','兑','兑','金','归魂',3,6)
on conflict (key) do update set
  name = excluded.name,
  upper_trigram = excluded.upper_trigram,
  lower_trigram = excluded.lower_trigram,
  palace = excluded.palace,
  palace_element = excluded.palace_element,
  palace_stage = excluded.palace_stage,
  shi_line = excluded.shi_line,
  ying_line = excluded.ying_line;

insert into najia_lines(trigram, side, line_offset, heavenly_stem, earthly_branch) values
  ('乾','inner',1,'甲','子'), ('乾','inner',2,'甲','寅'), ('乾','inner',3,'甲','辰'),
  ('乾','outer',1,'壬','午'), ('乾','outer',2,'壬','申'), ('乾','outer',3,'壬','戌'),
  ('坤','inner',1,'乙','未'), ('坤','inner',2,'乙','巳'), ('坤','inner',3,'乙','卯'),
  ('坤','outer',1,'癸','丑'), ('坤','outer',2,'癸','亥'), ('坤','outer',3,'癸','酉'),
  ('艮','inner',1,'丙','辰'), ('艮','inner',2,'丙','午'), ('艮','inner',3,'丙','申'),
  ('艮','outer',1,'丙','戌'), ('艮','outer',2,'丙','子'), ('艮','outer',3,'丙','寅'),
  ('兑','inner',1,'丁','巳'), ('兑','inner',2,'丁','卯'), ('兑','inner',3,'丁','丑'),
  ('兑','outer',1,'丁','亥'), ('兑','outer',2,'丁','酉'), ('兑','outer',3,'丁','未'),
  ('坎','inner',1,'戊','寅'), ('坎','inner',2,'戊','辰'), ('坎','inner',3,'戊','午'),
  ('坎','outer',1,'戊','申'), ('坎','outer',2,'戊','戌'), ('坎','outer',3,'戊','子'),
  ('离','inner',1,'己','卯'), ('离','inner',2,'己','丑'), ('离','inner',3,'己','亥'),
  ('离','outer',1,'己','酉'), ('离','outer',2,'己','未'), ('离','outer',3,'己','巳'),
  ('震','inner',1,'庚','子'), ('震','inner',2,'庚','寅'), ('震','inner',3,'庚','辰'),
  ('震','outer',1,'庚','午'), ('震','outer',2,'庚','申'), ('震','outer',3,'庚','戌'),
  ('巽','inner',1,'辛','丑'), ('巽','inner',2,'辛','亥'), ('巽','inner',3,'辛','酉'),
  ('巽','outer',1,'辛','未'), ('巽','outer',2,'辛','巳'), ('巽','outer',3,'辛','卯')
on conflict (trigram, side, line_offset) do update set
  heavenly_stem = excluded.heavenly_stem,
  earthly_branch = excluded.earthly_branch;

insert into interpretations(scope, match_key, title, body, source_note) values
  ('relation','世应','世应关系','世爻为自身立场，应爻为对方、环境或所问对象。后续解读应先看世应旺衰、生克、动静与空破。','自有整理'),
  ('relation','动爻','动爻提示','动爻是卦中变化的入口，宜结合变爻、回头生克、月日冲合及用神关系判断。','自有整理'),
  ('calendar','旬空','旬空提示','旬空表示当前旬内暂不得力之支，需结合出空、冲空、填实等条件再断。','自有整理')
on conflict (scope, match_key, title) do update set
  body = excluded.body,
  source_note = excluded.source_note;
